HOOD_ID,AREA_NAME,POPULATION_2023,Assault,Robbery,Break and Enter,Theft Over,Auto Theft,Bike Theft,Homicide,Shooting,ASSAULT_RATE_2023,ROBBERY_RATE_2023,BREAKENTER_RATE_2023,THEFTOVER_RATE_2023,AUTOTHEFT_RATE_2023,BIKETHEFT_RATE_2023,HOMICIDE_RATE_2023,SHOOTING_RATE_2023,longitude,latitude
1,Neighborhood 1,23766.555231088914,427,72,127,77,85,450,272,278,1796.6423650720883,302.94672197936853,534.3643568247195,323.9846887834913,357.6454356700878,1893.4170123710533,1144.4653941442812,1169.7109543092286,-79.3106898823753,43.64420795235783
2,Neighborhood 2,30071.773328493262,465,92,109,84,70,453,286,289,1546.300562060331,305.93473485924824,362.4661532571528,279.33171443670494,232.77642869725412,1506.396031426516,951.057980105924,961.0341127643777,-79.26400011796504,43.64242516667582
3,Neighborhood 3,18224.327698140543,415,76,122,75,72,442,291,330,2277.1759094429754,417.0249858257015,669.4348456675735,411.5378149595739,395.076302361191,2425.3295228284223,1596.7667220431465,1810.7663858221251,-79.37856952315197,43.78913387926295
4,Neighborhood 4,30140.839213211093,433,77,130,80,64,458,288,265,1436.5890642162706,255.4673393640943,431.3084950302891,265.42061232633176,212.33648986106542,1519.5330055682493,955.5142043747944,879.2057783309739,-79.55691378694027,43.61150063513778
5,Neighborhood 5,8915.627744287818,403,103,134,71,86,440,293,312,4520.152832291583,1155.2747933648463,1502.9788573872756,796.3544692126611,964.5983711589978,4935.154457092547,3286.364218018446,3499.473160483806,-79.243235622067,43.73477542623878
6,Neighborhood 6,23791.980890005212,389,88,122,84,69,438,310,286,1635.0046757284313,369.87252304396384,512.7778160382226,353.06013563287456,290.01368284128984,1840.9564215142743,1302.960024359418,1202.0856998928825,-79.48967883661389,43.69166147387587
7,Neighborhood 7,13469.073704941486,429,69,112,82,75,424,314,281,3185.07426269863,512.2846716228564,831.5345394457961,608.8020735228149,556.8311648074528,3147.9521850447995,2331.2664766605353,2086.2607641452564,-79.49210544573143,43.7505024492275
8,Neighborhood 8,15987.402156481035,419,68,143,75,68,441,307,279,2620.8135374273056,425.3348939022835,894.4542621768609,469.11936827457737,425.3348939022835,2758.421885454515,1920.2619474706034,1745.124049981428,-79.56885670442134,43.63065187977627
9,Neighborhood 9,11038.795827694312,465,96,133,58,73,416,293,272,4212.415985024384,869.6600743276148,1204.8415613080497,525.4196282396007,661.3040148532905,3768.526988752998,2654.275018520741,2464.0368772615757,-79.24574401695281,43.6750723474659
10,Neighborhood 10,19789.83772988628,377,97,107,80,64,446,300,290,1905.0181469182082,490.1505576951358,540.6815430245313,404.24788263516353,323.39830610813084,2253.6819456910366,1515.9295598818633,1465.3985745524678,-79.21577965803445,43.67527410383336
11,Neighborhood 11,30750.21308922369,407,76,141,83,55,424,276,284,1323.5680638019116,247.15275884261743,458.5334078527507,269.9168287360164,178.8605491624205,1378.8522335430234,897.5547557968738,923.570835675044,-79.51579413497821,43.788421348482366
12,Neighborhood 12,11148.84580898397,418,84,117,77,74,454,285,299,3749.267028728364,753.4412210841688,1049.4359865100923,690.6544526604881,663.7458376217677,4072.170409193008,2556.31842867843,2681.8919655257914,-79.21715100845323,43.75540068047121
13,Neighborhood 13,24323.267972826943,393,82,119,80,68,434,297,285,1615.7368345365644,337.12575173536453,489.24346898180954,328.90317242474595,279.56769656103404,1784.2997104042465,1221.0530276268692,1171.7175517631572,-79.37181981736794,43.644327259715645
14,Neighborhood 14,11399.220509194553,406,75,139,83,73,422,292,272,3561.6470413264005,657.9397243829557,1219.381622523078,728.1199616504709,640.3946650660769,3702.007515861431,2561.5786602643075,2386.1280670955193,-79.4941172439605,43.709598807664584
15,Neighborhood 15,20670.628340705905,427,71,154,74,61,437,299,288,2065.733043823949,343.48254358665196,745.0184748217522,357.995890498764,295.1047205462785,2114.110866864323,1446.496908907168,1393.2813035627573,-79.47376160854473,43.62242315020412
16,Neighborhood 16,19620.86717673814,429,85,118,76,73,415,298,293,2186.4477045571584,433.2122491546818,601.4005341206171,387.3427168912449,372.0528728034326,2115.0950988140344,1518.791179389355,1493.3081059096678,-79.26754823755473,43.653191317245366
17,Neighborhood 17,24291.502721879602,441,64,145,67,70,423,306,308,1815.4496452901074,263.466615189494,596.9165500386974,275.8166127765016,288.1666103635091,1741.349659768062,1259.6997538747685,1267.93308559944,-79.24914390696213,43.682979475194585
18,Neighborhood 18,21724.501740511347,376,82,141,73,60,455,302,299,1730.7646660491362,377.4539963192265,649.036749768426,336.0261186744334,276.1858509652877,2094.409369820098,1390.1354498586147,1376.3261573103503,-79.55816581193358,43.784276972943914
19,Neighborhood 19,17087.736549461115,416,75,111,96,63,445,286,303,2434.49446213003,438.9112612013276,649.5886665779649,561.8064143376994,368.6854594091152,2604.20681646121,1673.7149427143959,1773.2014952533636,-79.50733962468803,43.631780774891375
20,Neighborhood 20,23930.85187962701,475,94,157,81,56,421,303,297,1984.8854624535138,392.79838625395854,656.0568791688456,338.4752051762834,234.00754925767743,1759.2353256693248,1266.1479897335046,1241.0757523130392,-79.55263489158824,43.70385888949968
21,Neighborhood 21,16539.503567933534,422,98,133,85,73,440,323,298,2551.4671481323376,592.520806912249,804.1353808094809,513.9211080361343,441.3675398427978,2660.2975004223426,1952.9002105373106,1801.7469434678594,-79.51804412156343,43.63174201096408
22,Neighborhood 22,14084.782318436266,428,86,132,78,68,421,302,288,3038.740609003021,610.5880662949995,937.1816831504644,553.7891764070926,482.7905640472089,2989.0415803511023,2144.158093268487,2044.7600359646497,-79.51787350242957,43.69604046144523
23,Neighborhood 23,26344.25353031556,429,73,136,89,65,416,321,280,1628.4386251685958,277.1002788748427,516.241615438063,337.8345865734383,246.73312502554484,1579.092000163487,1218.4820482030752,1062.850384725424,-79.28975415965542,43.73188970899209
24,Neighborhood 24,18437.242269944247,470,97,129,75,78,454,289,266,2549.188176401943,526.109049172316,699.6707973528738,406.78534729818244,423.0567611901098,2462.4073023116644,1567.479538255663,1442.732031750887,-79.586131975241,43.6799176634755
25,Neighborhood 25,20152.856295489448,434,79,128,72,63,473,257,284,2153.5408858998144,392.0039861430538,635.1456990672264,357.26945572531486,312.6107737596505,2347.06184108436,1275.2534739084153,1409.2295198054087,-79.29986972799524,43.639735580375415
26,Neighborhood 26,12588.625436296308,469,80,137,92,70,427,260,287,3725.5854689881394,635.4943230683393,1088.2840282545312,730.8184715285902,556.0575326847969,3391.950949377261,2065.3565499721026,2279.835884007667,-79.32500570984557,43.75661548748612
27,Neighborhood 27,14366.757783138524,438,61,132,87,67,434,279,315,3048.7045623756294,424.591274668752,918.7876763323815,605.5646048554332,466.35435086567844,3020.8625115776786,1941.9830431570788,2192.5615003386374,-79.44546638755128,43.75811268016696
28,Neighborhood 28,11180.783559179628,446,82,141,80,68,425,276,263,3988.9869760856413,733.4011929126067,1261.0922951302139,715.5133589391285,608.1863550982592,3801.16471936412,2468.521088339993,2352.250167512385,-79.23417310612277,43.60554589396343
29,Neighborhood 29,14686.904603945648,408,65,132,79,63,473,311,303,2777.984953278654,442.5711322625306,898.7598378254469,537.8941453652296,428.9535589621451,3220.5560855411845,2117.5326482099545,2063.062355008412,-79.50143670560792,43.681389272911474
30,Neighborhood 30,13285.003802528374,427,90,139,77,67,457,302,305,3214.1503784796378,677.4555832861063,1046.2925119640975,579.6008879225576,504.3280453352125,3439.9689062416737,2273.2398461378234,2295.821698914027,-79.50910910302773,43.720020149974154
31,Neighborhood 31,23774.98081842825,456,67,155,75,78,397,305,291,1917.982619975657,281.8088498648443,651.9458467022519,315.4576677591541,328.07597446952025,1669.8225880051223,1282.86118222056,1223.9757509055178,-79.22585763884709,43.67213456854224
32,Neighborhood 32,16792.55551440358,441,78,138,87,65,455,303,242,2626.1637165453376,464.4915417018964,821.792727626432,518.0867195905768,387.0762847515803,2709.5339932610623,1804.3709889189051,1441.1147832289605,-79.5818893963471,43.6083844083827
33,Neighborhood 33,27155.66163401417,409,59,131,75,67,439,283,286,1506.1315961003943,217.26592706582704,482.40400755293797,276.18550050740726,246.72571378661712,1616.605796303357,1042.13995524795,1053.1873752682461,-79.49383886093274,43.72247211085632
34,Neighborhood 34,16877.24642233492,435,88,121,90,69,428,264,292,2577.434666263639,521.4120704165523,716.9415968227594,533.2623447442012,408.83446430388756,2535.9587061168677,1564.2362112496567,1730.1400518367416,-79.5896392185241,43.74035192304291
35,Neighborhood 35,21144.974179569384,425,85,126,72,87,438,296,316,2009.9338802250315,401.98677604500637,595.8862797843624,340.50644559106416,411.4452884225359,2071.4142106789736,1399.859831874375,1494.4449556496706,-79.20941730896011,43.74476136565208
36,Neighborhood 36,21315.902618240078,409,67,128,80,62,432,296,287,1918.7552473148266,314.3193192422821,600.4906397464495,375.3066498415309,290.86265362718643,2026.6559091442666,1388.6346044136642,1346.4126063064919,-79.58511145887896,43.68077719500288
37,Neighborhood 37,22146.091493229807,445,79,134,89,77,451,302,316,2009.383913798239,356.7220880675526,605.0729088740765,401.8767827596479,347.6911491291335,2036.4767306134963,1363.671779701277,1426.8883522702104,-79.53113849256188,43.670900356722996
38,Neighborhood 38,12578.899387820296,440,81,150,82,86,441,271,280,3497.921292112698,643.935510593474,1192.4731677656926,651.8853317119119,683.6846161856637,3505.8711132311364,2154.4015230966847,2225.949913162626,-79.20453288117425,43.68352307714522
39,Neighborhood 39,20900.041869449346,419,89,138,82,89,439,316,266,2004.7806727721136,425.8364674862007,660.285758574109,392.34371161649955,425.8364674862007,2100.47426097126,1511.9586935465104,1272.7247230486448,-79.26725719626992,43.60086093777791
40,Neighborhood 40,30305.301694447986,420,80,148,81,73,437,296,284,1385.896118885842,263.9802131211128,488.3633942740587,267.2799657851267,240.8819444730154,1441.9919141740786,976.7267885481174,937.1297565799504,-79.59015094321221,43.76415152978152
41,Neighborhood 41,23628.00810274688,426,86,140,82,78,442,294,297,1802.9450394105597,363.97482016269515,592.5171491020619,347.0457587597791,330.1166973568631,1870.661285022224,1244.28601311433,1256.982809166517,-79.51639713020995,43.60071699037217
42,Neighborhood 42,17556.330484086913,425,86,117,87,61,453,290,294,2420.7792191268027,489.85179492918826,666.4262791478492,495.5477460330161,347.4530173334941,2580.2658500339803,1651.8258201100537,1674.6096245253646,-79.56648076474666,43.65105458158068
43,Neighborhood 43,17579.3936988598,403,88,133,71,64,459,267,266,2292.456764456778,500.5860924868398,756.5676170539737,403.8819609837003,364.06261271770165,2611.0115505847666,1518.8237124316615,1513.1352341079473,-79.54413925455883,43.633648632932456
44,Neighborhood 44,29227.967930976018,397,70,142,74,67,438,275,281,1358.2880648341497,239.49663611685259,485.83603326561524,253.18215818067273,229.23249456898745,1498.5646659883062,940.8796418876351,961.4079249833653,-79.56825139066204,43.71871826723218
45,Neighborhood 45,22577.1710473546,409,89,122,88,71,438,309,295,1811.5644300259803,394.2035067782695,540.3688519881897,389.77425389312043,314.4769548455858,1940.0127636953039,1368.6391415110706,1306.6296011189834,-79.34749172171578,43.66520806672052
46,Neighborhood 46,14426.063085824764,407,82,133,66,77,411,291,320,2821.282546586972,568.4156482067118,921.9424537986911,457.50527782491434,533.7561574624001,2849.0101391824214,2017.1823613189404,2218.2074076359486,-79.57025806140155,43.76921859774738
47,Neighborhood 47,18449.255392967487,401,87,121,85,60,413,280,270,2173.529453946709,471.5637468662436,655.8530272507526,460.7232009612725,325.21637714913356,2238.572729376536,1517.6764266959565,1463.4736971711009,-79.3174410100095,43.68608343587257
48,Neighborhood 48,20457.157355642812,414,88,138,72,69,459,304,271,2023.7415824823975,430.16729289480907,674.5805274941324,351.95505782302564,337.2902637470662,2243.7134936217885,1486.032466363886,1324.7197315283327,-79.25379924029112,43.63386175124906
49,Neighborhood 49,23221.586383417252,394,97,153,87,73,400,250,287,1696.6971743212127,417.71478657146605,658.8697149013847,374.651406512552,314.3626744300724,1722.535202356561,1076.5845014728507,1235.9190076908326,-79.49116336032748,43.696558563085276
50,Neighborhood 50,21874.172404865738,383,66,118,82,61,428,258,293,1750.92338540225,301.72570087871674,539.4489803589179,374.8713253341632,278.86769323638975,1956.6454541831934,1179.4731943440747,1339.4792478403638,-79.32266815705225,43.783953110454604
51,Neighborhood 51,20987.631408480975,450,87,122,78,70,460,301,270,2144.119987823675,414.5298643125771,581.2947522544184,371.6474645561036,333.5297758836827,2191.7670986642006,1434.1780362998356,1286.4719926942048,-79.26401925943792,43.736493224743754
52,Neighborhood 52,25908.548903366544,431,88,131,82,77,441,272,280,1663.5435724615056,339.65622825200114,505.62461251150165,316.49784905300106,297.199199720501,1702.1408711265055,1049.8465236880036,1080.7243626200036,-79.5497224654071,43.70104159223847
53,Neighborhood 53,16496.726801802004,410,93,138,86,62,450,300,280,2485.3415160831423,563.7481975505664,836.5295834621307,521.3155375198787,375.83213170037766,2727.813859115644,1818.5425727437625,1697.3064012275117,-79.56839234838262,43.78236257694661
54,Neighborhood 54,16966.57501251155,414,89,129,85,71,459,288,267,2440.0917668693105,524.5607904622431,760.3184490969592,500.98502459877153,418.46984407662086,2705.3191328333664,1697.455142169955,1573.6823713867293,-79.57459810255095,43.76462302086875
55,Neighborhood 55,17471.54072793121,412,74,123,88,58,406,324,258,2358.120594031804,423.54593193775116,704.0020220046405,503.6762433854339,331.96843314039955,2323.7790319827973,1854.4443506463701,1476.6871681072946,-79.4301052010618,43.61537900771946
56,Neighborhood 56,15895.882436313217,428,87,135,71,66,427,286,283,2692.5211715347045,547.3115465502788,849.2765377504326,446.65654948356087,415.20186290021144,2686.2302342180346,1799.2080725675828,1780.3352606175736,-79.41703005358576,43.72368826195598
57,Neighborhood 57,18819.394319106217,408,74,146,87,80,435,292,289,2167.9762540805136,393.2113794165638,775.7954242543016,462.28905417893316,425.09338315304194,2311.4452708946656,1551.5908485086031,1535.6498466403639,-79.4368169458583,43.74212603783235
58,Neighborhood 58,16151.481983446749,432,77,120,71,61,447,302,282,2674.677162397519,476.73643866807623,742.9658784437553,439.5881447458885,377.67432154224224,2767.547897202988,1869.7974607501174,1745.9698143428247,-79.45059121455996,43.696012374432755
59,Neighborhood 59,23599.971806924706,424,91,155,71,63,448,278,313,1796.612315763826,385.5936809776136,656.7804456212099,300.8478170264897,266.94947144604015,1898.3073525051745,1177.9675089206216,1326.2727708350885,-79.31530773248524,43.75155478324741
60,Neighborhood 60,26399.752583872123,418,85,116,77,66,471,303,313,1583.3481721921912,321.9727144409958,439.39805735477074,291.66940014066677,250.00234297771436,1784.107629431871,1147.7380291249615,1185.6171720003726,-79.40195638136937,43.736761033535004
61,Neighborhood 61,15031.600783969892,382,77,142,80,83,423,292,286,2541.312834807156,512.2541578014425,944.6764988026601,532.2121120014987,552.170066201555,2814.0715422079243,1942.57420880547,1902.658300405358,-79.4650985982269,43.61424029334449
62,Neighborhood 62,15469.556487239297,397,82,129,74,77,466,305,317,2566.3308468312057,530.0733739046823,833.8959174841954,478.35889840178646,497.7518267153725,3012.3681980436827,1971.6143785479037,2049.1860918022476,-79.50854659257456,43.77506170407869
63,Neighborhood 63,13408.848223330238,399,70,131,81,59,447,279,316,2975.647075382466,522.0433465583275,976.9668342734412,604.0787295889216,440.0079635277331,3333.619655879605,2080.715624139619,2356.652821606164,-79.28603819115088,43.71815682579763
64,Neighborhood 64,29672.47156789254,402,73,143,93,79,402,294,278,1354.7910866818017,246.01927693475506,481.9281726256161,313.42181856071534,266.24003942254313,1354.7910866818017,990.8173619016162,936.895328600848,-79.3772853795439,43.721202452061696
65,Neighborhood 65,23390.312927815918,392,89,117,66,64,406,320,268,1675.9074631012352,380.49939851022947,500.207074446032,282.1680932772488,273.61754499612005,1735.7613010691366,1368.0877249806001,1145.7734696712528,-79.32352993469685,43.65053064213134
66,Neighborhood 66,17987.620769010282,407,77,122,78,70,477,299,324,2262.6672266806636,428.0721780206661,678.2442301106657,433.63155695599943,389.1565254733328,2651.8237521539963,1662.2543016646644,1801.2387750479975,-79.55505203055218,43.77382030058652
67,Neighborhood 67,20927.719465656737,418,79,138,61,59,437,318,269,1997.3509329860594,377.48976963133657,659.4125089762588,291.4794423735637,281.92273934492226,2088.139611758153,1519.5157815539878,1285.3765573522728,-79.26803797278554,43.78989996109158
68,Neighborhood 68,21999.222974288048,426,84,142,92,60,427,310,273,1936.432029885303,381.83166786470764,645.477343295101,418.1965886137274,272.7369056176483,1940.9776449789306,1409.1406790245164,1240.9529205602998,-79.20627942914143,43.658089301129806
69,Neighborhood 69,28219.977175317777,428,84,125,78,67,440,313,310,1516.6560814030154,297.66147392021804,442.9486219050863,276.39994006877384,237.42046134112627,1559.179149105904,1109.1433492503363,1098.5125823246142,-79.32752547459677,43.61573891015723
70,Neighborhood 70,19689.255028606716,387,70,126,70,77,437,308,293,1965.539069089835,355.52386262606836,639.9429527269231,355.52386262606836,391.0762488886752,2219.484685251313,1564.3049955547008,1488.1213107062576,-79.52248814646154,43.656270344927904
71,Neighborhood 71,18417.9361551157,403,74,115,75,61,399,260,276,2188.0844661743718,401.7822592975273,624.3913489083194,407.2117492880344,331.1988894209347,2166.366506212343,1411.6673975318527,1498.5392373799666,-79.27439781343564,43.692189164459705
72,Neighborhood 72,19271.67505355789,420,81,118,90,54,427,286,310,2179.3642681955694,420.3059660091455,612.2975801120886,467.00662889905055,280.20397733943037,2215.6870059988287,1484.0432873903162,1608.5783884300631,-79.58058913936839,43.79742915690876
73,Neighborhood 73,23518.03588095627,414,78,148,85,60,447,308,288,1760.3510858457212,331.6603495071648,629.3042529110307,361.4247398475514,255.12334577474215,1900.668926021829,1309.6331749770097,1224.5920597187624,-79.25619806228205,43.73744456893764
74,Neighborhood 74,20958.426202743693,404,90,95,71,68,418,269,294,1927.6256532425696,429.42155641542394,453.27830954961416,338.76589450550114,324.45184262498697,1994.4245620183021,1283.4933186194337,1402.777084290385,-79.44083864567801,43.62794274184853
75,Neighborhood 75,13860.601007723304,406,91,110,72,70,421,279,264,2929.1659126019977,656.5371873073443,793.616380261625,519.4579943530636,505.02860562103405,3037.386328092219,2012.8997281181216,1904.6793126279001,-79.25979007575661,43.620479674218224
76,Neighborhood 76,19670.288581726487,449,72,126,93,65,435,300,303,2282.6304664239483,366.034284148161,640.5599972592818,472.79428369137463,330.44761763375647,2211.4571333951394,1525.1428506173374,1540.3942791235108,-79.40926118316129,43.73445777152665
77,Neighborhood 77,16070.616657467477,386,78,136,72,71,427,273,283,2401.8991195377603,485.3578531708428,846.2649747594182,448.0226336961626,441.80009711704923,2657.0231192814085,1698.7524860979497,1760.9778518890832,-79.48140481142327,43.69780010385439
78,Neighborhood 78,5284.030526142971,421,71,129,82,74,468,271,324,7967.4028739441255,1343.6712685273942,2441.3182202821667,1551.84569041192,1400.4461108595376,8856.875403814372,5128.660757336955,6131.682971871489,-79.40920911245048,43.736050521442664
79,Neighborhood 79,16861.703643607474,438,80,114,71,75,455,261,276,2597.6022901224005,474.4479068716713,676.0882672921316,421.07251734860836,444.7949126921919,2698.422470332631,1547.8862961688278,1636.8452787072663,-79.24821350108833,43.79943038094788
80,Neighborhood 80,17234.186828126098,430,76,123,72,75,431,276,295,2495.040841139324,440.98396261997357,713.6977289770625,417.7742803768171,435.18154205918444,2500.843261700113,1601.4680747777988,1711.714065432792,-79.55361818438395,43.713627115031706
81,Neighborhood 81,27448.059503934022,401,95,137,75,75,455,279,298,1460.9411639556022,346.1082557999556,499.124537311515,273.2433598420703,273.2433598420703,1657.676383041893,1016.4652986125013,1085.6869497724924,-79.3516024267301,43.692416607448834
82,Neighborhood 82,24438.190952361176,422,81,117,71,71,426,304,302,1726.8053957947616,331.44842905065326,478.7588419620547,290.52886990859736,290.52886990859736,1743.173219451584,1243.9545979185011,1235.77068609009,-79.22010727757588,43.60731775290333
83,Neighborhood 83,18357.998251598096,400,85,140,76,65,450,294,267,2178.88679646856,463.01344424956903,762.610378763996,413.9884913290264,354.069104426141,2451.24764602713,1601.4817954043917,1454.4069366427639,-79.31927657807246,43.7786152689252
84,Neighborhood 84,13583.26931963265,428,89,135,74,81,436,282,288,3150.935094700566,655.2178117484822,993.8697144499449,544.7878434762661,596.321828669967,3209.8310777790816,2076.0834035176626,2120.255390826549,-79.41078182384372,43.699167437898
85,Neighborhood 85,19928.076669875525,414,67,124,67,60,416,313,306,2077.4709313810863,336.20906377423375,622.2376702687311,336.20906377423375,301.0827436784183,2087.5070228370337,1570.6483128557488,1535.5219927599333,-79.33884733030573,43.770188313256945
86,Neighborhood 86,25026.689708064703,411,95,148,75,79,469,291,280,1642.24675653991,379.59474907856793,591.3686617224006,299.6800650620273,315.66300186533545,1873.9993401878776,1162.758652440666,1118.8055762315687,-79.48286248324439,43.662307233642785
87,Neighborhood 87,22015.56425499884,405,85,132,73,70,432,292,277,1839.6076308061963,386.09049041611524,599.5758204109084,331.58359765148725,317.95687446033025,1962.2481395266095,1326.334390605949,1258.200774650164,-79.20130022885279,43.75447771255858
88,Neighborhood 88,27162.540389694695,403,83,138,81,83,430,271,267,1483.6609323658688,305.5678843334171,508.0526269639948,298.2048027832143,305.5678843334171,1583.0625332936067,997.6975500524826,982.9713869520768,-79.28305974351242,43.72421215903014
89,Neighborhood 89,20686.70569619174,390,77,140,81,75,439,267,303,1885.2687601767154,372.2197295733515,676.7631446788209,391.5558194213178,362.5516846493683,2122.1358608143028,1290.6839973517513,1464.7088059834482,-79.3781814767979,43.75915438071824
90,Neighborhood 90,13292.464676923579,421,72,134,82,57,455,308,298,3167.2079650576634,541.6602695585553,1008.0899461228668,616.890862552799,428.81438006718963,3422.991981238092,2317.1022642227085,2241.871671228465,-79.27521420884878,43.787669201474635
91,Neighborhood 91,17565.080527437323,405,71,131,82,68,418,314,287,2305.7110348419674,404.2110703056288,745.7978902822166,466.8353206346699,387.13172930679946,2379.7215125035614,1787.6376912108094,1633.9236222213449,-79.3131393475458,43.6772366666235
92,Neighborhood 92,15500.192694062811,417,67,125,91,75,410,326,288,2690.2891353068635,432.2526908046999,806.4415873222013,587.0894755705625,483.8649523933207,2645.12840641682,2103.199659736301,1858.0414171903515,-79.419346186053,43.6068609806709
93,Neighborhood 93,21602.40425480105,429,93,141,65,71,416,298,294,1985.8900654757279,430.5076365716613,652.7051264150994,300.89243416298905,328.6671203934188,1925.71157864313,1379.4760827780112,1360.959625291058,-79.20692614326254,43.72618059646338
94,Neighborhood 94,21573.64961194394,452,70,121,72,72,446,300,292,2095.1485174291356,324.46990314168033,560.8694040020475,333.7404718028712,333.7404718028712,2067.3368114455634,1390.58529917863,1353.5030245338667,-79.40759671283885,43.715044299606234
95,Neighborhood 95,14796.031310686087,411,76,137,68,72,477,288,301,2777.7718995712376,513.651251502224,925.923966523746,459.58269871251616,486.6169751073701,3223.8374600863267,1946.4679004294803,2034.3292987127556,-79.44977875351906,43.65531630720943
96,Neighborhood 96,21927.22102811053,388,77,131,80,67,425,266,303,1769.4900758403767,351.16169030852836,597.430927667756,364.8433146062632,305.55627598274543,1938.2301088457732,1213.1040210658252,1381.844054071222,-79.36157696750016,43.78555386555381
97,Neighborhood 97,23987.773863190418,411,87,116,74,80,448,291,288,1713.3728304429508,362.6847597287998,483.5796796383997,308.49048528656533,333.50322733682736,1867.6180730862334,1213.1179894377096,1200.6116184125785,-79.24737833943219,43.772367079881946
98,Neighborhood 98,17231.490949773422,448,82,123,80,72,436,312,313,2599.8911023186347,475.8729249779644,713.8093874669466,464.26626827118474,417.83964144406633,2530.251162077957,1810.6384462576207,1816.4417746110103,-79.49132154127582,43.669285100372505
99,Neighborhood 99,20886.566062174938,423,64,155,84,68,449,298,280,2025.2252033235982,306.4170520395042,742.1037979081742,402.1723808018493,325.56811779197324,2149.7071307146466,1426.7543985589414,1340.574602672831,-79.22021456696093,43.665468762256204
100,Neighborhood 100,20214.925196689583,437,75,117,95,59,483,319,289,2161.7690678942686,371.0129979223573,578.7802767588773,469.94979736831925,291.8635583655877,2389.323706619981,1578.0419511630928,1429.63675199415,-79.31809691917151,43.654356819251554
101,Neighborhood 101,15262.963465587416,439,69,131,82,71,455,322,303,2876.2435354693057,452.0747242537178,858.2867953222759,537.2482230261575,465.17833944947773,2981.0724570353855,2109.6820465173496,1985.1977021576304,-79.5590062203817,43.60555857205764
102,Neighborhood 102,10916.446497811734,439,83,129,86,73,486,293,282,4021.455151069537,760.3206777648554,1181.7032220682693,787.8021480455128,668.7157768293307,4451.998185466503,2684.023597410875,2583.2582063817977,-79.2957751213573,43.612671869480984
103,Neighborhood 103,29927.90840563274,417,86,132,65,67,435,271,287,1393.348289991145,287.35720129313785,441.05989035690925,217.18858237272048,223.8713079841888,1453.49282049436,905.5093203539576,958.9711252457042,-79.58047585319727,43.68888154015876
104,Neighborhood 104,24083.81763614082,420,65,128,89,71,445,320,249,1743.909567600017,269.89076641428835,531.4772015542909,369.5427417057179,294.80376023714575,1847.7137085285894,1328.6930038857272,1033.8892436485814,-79.55037232898175,43.6243624383118
105,Neighborhood 105,15001.79290813133,470,68,117,66,62,424,292,289,3132.958859505711,453.27915414125187,779.9067799195068,439.947414313568,413.28393465820017,2826.328843468982,1946.4340148418462,1926.4364051003204,-79.32377371154726,43.783699133340264
106,Neighborhood 106,22805.611228234462,414,71,144,91,61,465,288,311,1815.3427060417823,311.32688920040226,631.4235499275765,399.0246044681212,267.47803156654277,2038.9718799744653,1262.847099855153,1363.6994724130298,-79.41941095832735,43.611756320716815
107,Neighborhood 107,16099.743520862905,417,68,137,74,64,467,296,298,2590.1033731352873,422.36697691414764,850.945232900562,459.63465134774884,397.52186062508014,2900.6673267486312,1838.5386053909954,1850.961163535529,-79.5944637001492,43.748026287555696
108,Neighborhood 108,23391.27507192629,390,92,108,79,71,440,317,294,1667.288332084426,393.3090424404287,461.71061503876416,337.7327647042812,303.5319784051135,1881.0432464542243,1355.2061571045206,1256.8788964944135,-79.35711644133553,43.75269715422764
109,Neighborhood 109,14737.777953088837,389,86,129,70,81,467,278,278,2639.475240013851,583.5343718282551,875.3015577423826,474.9698375346262,549.607954861496,3168.7273446952913,1886.3087833518011,1886.3087833518011,-79.28418572423979,43.64239842798561
110,Neighborhood 110,16479.218710294375,410,81,127,96,82,437,273,315,2487.982028807457,491.5281569107415,770.6676040452367,582.5518896719899,497.5964057614913,2651.824747777704,1656.631936254721,1911.4983879862168,-79.28628921667114,43.646101114014165
111,Neighborhood 111,15246.753171418943,381,80,150,65,65,430,315,281,2498.8926869637394,524.7018765278193,983.8160184896612,426.3202746788532,426.3202746788532,2820.2725863370288,2066.0136388282885,1843.0153413039657,-79.27231494719163,43.7655833279714
112,Neighborhood 112,19066.67147730398,406,78,105,80,72,447,298,307,2129.3700921174536,409.0908058747817,550.699161754514,419.58031371772483,377.6222823459524,2344.4050028977877,1562.936668598525,1610.1394538917693,-79.20591590702534,43.766357897780836
113,Neighborhood 113,26159.71989481526,415,71,124,59,76,442,281,310,1586.408423594211,271.409633916118,474.0111916281498,225.53758311339385,290.52298841725315,1689.6205379003407,1074.1705229637912,1185.0279790703746,-79.44640379399061,43.693953558197244
114,Neighborhood 114,13211.085020201019,407,80,138,70,64,426,308,324,3080.74620197855,605.5520790129827,1044.577336297395,529.8580691363599,484.4416632103862,3224.564820744133,2331.3755041999834,2452.4859200025803,-79.47529234420507,43.73319650432095
115,Neighborhood 115,18445.96495619313,408,77,123,84,70,420,278,309,2211.8658523365366,417.43546723017965,666.8124996014559,455.38414606928694,379.4867883910724,2276.9207303464345,1507.1046738959735,1675.163108754877,-79.41790196085348,43.620764180785045
116,Neighborhood 116,25361.16863940715,413,96,149,71,82,440,291,261,1628.473852574226,378.5314524143479,587.5123584347691,279.9555533481115,323.3289489372555,1734.935823565761,1147.423465130992,1029.1323862515083,-79.21040264563635,43.73724874886684
117,Neighborhood 117,11560.246509855022,421,88,127,75,75,417,307,299,3641.7908531716926,761.2294419931329,1098.5924901491803,648.7750926077837,648.7750926077837,3607.1895148992776,2655.652712407861,2586.4500358630307,-79.23799429861829,43.611626162566246
118,Neighborhood 118,17753.545627318807,443,81,144,71,72,456,295,292,2495.276207352746,456.2468911863938,811.1055843313666,399.92011449671554,405.5527921656833,2568.501017049328,1661.639912345508,1644.7418793386046,-79.27916207052768,43.603859511204064
119,Neighborhood 119,18910.90726120336,416,85,131,76,69,456,317,285,2199.7886947150555,449.4760554105281,692.7219206915198,401.8844730729428,364.8687979214875,2411.3068384376566,1676.2812890016166,1507.0667740235356,-79.46089035496115,43.681686132866886
120,Neighborhood 120,9749.440640673913,443,64,126,85,77,450,281,296,4543.850425139656,656.4479169501986,1292.3818364957035,871.8448896994826,789.7889000807077,4615.649416056084,2882.216635359466,3036.071615894669,-79.54723739735782,43.615878807427364
121,Neighborhood 121,16131.551505322328,401,60,131,91,64,447,293,299,2485.8117327877417,371.94190515527305,812.073159589013,564.1118894854975,396.73803216562465,2770.9671934067846,1816.3163035082503,1853.5104940237777,-79.34073642874137,43.75070268409326
122,Neighborhood 122,26167.640501715257,393,80,138,75,60,404,283,285,1501.8549340519994,305.72110616834595,527.3689081403968,286.61353703282435,229.29082962625944,1543.891586150147,1081.4884130705238,1089.1314407247326,-79.29575432818383,43.77049494385719
123,Neighborhood 123,23189.717956750937,395,71,141,96,82,452,277,278,1703.341113232507,306.17017478356456,608.028093584262,413.9765743552422,353.6049905951027,1949.1397042559322,1194.4949072541885,1198.8071632370556,-79.40330511284992,43.700697739608586
124,Neighborhood 124,25137.129450174933,386,89,126,81,82,410,315,275,1535.5770863379698,354.05792923336617,501.2505514989229,322.2324973921647,326.2106763723149,1631.0533818615743,1253.126378747307,1093.9992195413,-79.5647237055935,43.65956884413026
125,Neighborhood 125,18890.98705992931,442,84,134,75,66,402,272,299,2339.7401025039608,444.656490068626,709.332972252332,397.01472327555894,349.3729564824919,2127.998916756996,1439.8400630793606,1582.7653634585618,-79.46641146093607,43.65655153072439
126,Neighborhood 126,25711.29869226251,404,94,138,90,82,442,278,275,1571.2936356714595,365.5980241413792,536.7290141650035,350.0406614119588,318.925935953118,1719.088581600953,1081.2367096947173,1069.5686876476518,-79.39068382326514,43.79786056894809
127,Neighborhood 127,21294.499523828603,401,85,132,67,73,456,287,277,1883.1154005346775,399.164112332787,619.8783862109163,314.6352414858439,342.81153176815826,2141.3980614558927,1347.7658851707045,1300.805401366847,-79.49701525280251,43.62060476597399
128,Neighborhood 128,17512.229443179796,380,72,150,86,66,412,274,280,2169.912181843828,411.1412555072517,856.5442823067742,491.08538852255055,376.87948421498066,2352.6416287359402,1564.6208890137077,1598.8826603059788,-79.35065729822963,43.67368292897008
129,Neighborhood 129,21860.512324253275,420,79,141,89,79,457,290,287,1921.2724467304845,361.3821983135911,644.9986071166626,407.12678037860263,361.3821983135911,2090.527400371027,1326.5928798853345,1312.869505265831,-79.21146448580548,43.669778445595874
130,Neighborhood 130,14282.539186701004,413,73,126,69,64,433,294,294,2891.642687629098,511.11359853976785,882.1960741919281,483.1073739622464,448.0995932403444,3031.6738105167055,2058.457506447832,2058.457506447832,-79.45961613906547,43.6203787857201
131,Neighborhood 131,23414.80589681724,399,76,102,78,80,432,298,325,1704.0500004923629,324.58095247473574,435.6218046371454,333.12255648722885,341.6641604997219,1844.9864666984981,1272.698997861464,1388.0106520301201,-79.28721020072699,43.69701555874199
132,Neighborhood 132,23866.015626849763,409,71,130,84,72,423,313,312,1713.7338984219323,297.4941486258122,544.7075960754307,351.9649082333553,301.6842070571617,1772.3947164608248,1311.4882890123833,1307.298230581034,-79.5179206280969,43.76447920734063
133,Neighborhood 133,17373.77401401606,398,69,133,77,73,450,319,285,2290.8091222950106,397.15032522199937,765.5216413699409,443.1967397404921,420.17353248124573,2590.1108166652134,1836.1007789248956,1640.4035172213019,-79.29458432458341,43.71819406440481
134,Neighborhood 134,14391.49025595271,406,98,117,79,66,458,275,278,2821.1115928878,680.9579706970551,812.9804344036271,548.9355069904832,458.60434761230243,3182.4362304005226,1910.8514483845931,1931.697100548789,-79.28308946285397,43.643977551022545
135,Neighborhood 135,17502.428887167047,389,79,124,87,74,435,317,279,2222.548667432202,451.36592474844207,708.473097073504,497.0738664951197,422.7984611567685,2485.369332475599,1811.177191712103,1594.0644684153842,-79.46768035404384,43.74985150233842
136,Neighborhood 136,21754.844689925096,448,80,152,68,77,426,305,269,2059.3114149303656,367.7341812375653,698.694944351374,312.5740540519305,353.9441494411566,1958.1845150900351,1401.9865659682177,1236.5061844113134,-79.26223359918222,43.716792014986275
137,Neighborhood 137,19098.883877434306,413,83,124,89,70,454,282,260,2162.4300281126234,434.58036884587835,649.2525992396255,465.9958171961828,366.51356408688537,2377.102258506371,1476.5260724643097,1361.33609517986,-79.45377305513247,43.623941514035685
138,Neighborhood 138,4256.065909233963,435,86,113,70,70,432,314,287,10220.706381830783,2020.6453996263158,2655.0340716020196,1644.7113717888617,1644.7113717888617,10150.21875161126,7377.705296310038,6743.316624334333,-79.38401989396661,43.78165828641504
139,Neighborhood 139,13217.120731917254,400,74,121,86,62,440,308,292,3026.377742272289,559.8798823203734,915.4792670373673,650.6712145885422,469.0885500522048,3329.015516499518,2330.3108615496626,2209.255751858771,-79.51383879920468,43.742986076977104
140,Neighborhood 140,25171.218818688772,416,57,130,72,74,434,310,262,1652.6811951240682,226.44910606267285,516.4628734762714,286.04097607916566,293.98655874803137,1724.1914391438597,1231.5653136741855,1040.8713296214084,-79.39599751299247,43.7804891156964
141,Neighborhood 141,32894.62261504484,400,82,136,67,73,466,311,296,1216.004222577869,249.2808656284632,413.4414356764755,203.68070728179313,221.92077062046113,1416.6449193032176,945.4432830542934,899.8431247076232,-79.41970569230615,43.700103450194
142,Neighborhood 142,13899.861812260424,436,83,137,84,64,425,311,299,3136.721831402846,597.1282385468721,985.6213094086925,604.3225546739428,460.4362321325279,3057.584354005068,2237.4323155190027,2151.1005219941535,-79.20892196949572,43.68985409745947
143,Neighborhood 143,22969.27596237513,410,93,137,79,82,452,297,277,1784.9931389722574,404.8886876205364,596.4489269248762,343.93770238733737,356.99862779445147,1967.8460946718546,1293.0316153042936,1205.9587792568666,-79.44387600142508,43.62123049506918
144,Neighborhood 144,27400.134379870236,424,71,130,79,59,456,298,287,1547.437666260117,259.1228167558215,474.4502278627717,288.319753855069,215.32741110695028,1664.225414657107,1087.585906946969,1047.4401184355038,-79.30832806704566,43.745929091470316
145,Neighborhood 145,22973.240851176146,416,81,122,85,62,423,280,292,1810.8024144042452,352.5841239585189,531.0526311473989,369.99568563548274,269.87920599294034,1841.2726473389318,1218.8093173874727,1271.0440024183642,-79.35860023470596,43.66574378046207
146,Neighborhood 146,14961.5648340529,426,71,136,85,72,469,316,303,2847.295752316049,474.5492920526749,908.9958270304758,568.1223918940474,481.2330848984872,3134.698844685979,2112.078539276694,2025.1892322811336,-79.28434444135056,43.66585696018301
147,Neighborhood 147,23257.378581501605,396,78,129,74,65,427,289,320,1702.685445018165,335.3774361399416,554.6626828468266,318.1785932609703,279.4811967832847,1835.9764773301931,1242.616398005681,1375.907430317709,-79.33249021973461,43.75256344745867
148,Neighborhood 148,27560.898416171374,427,62,126,65,81,431,275,289,1549.2963747127253,224.95638227678916,457.1694220463779,235.8413685159886,293.8946284583858,1563.8096896983245,997.7904052599517,1048.5870077095494,-79.4781283318065,43.644441329455006
149,Neighborhood 149,20562.420643867834,426,81,134,72,65,461,314,314,2071.7405181915806,393.9224928955822,651.6742475062719,350.15332701829533,316.11064244707217,2241.9539410476964,1527.0575650520102,1527.0575650520102,-79.57618860770016,43.72682583890855
150,Neighborhood 150,20775.51320366765,437,90,125,71,84,458,294,296,2103.4378102527608,433.20229501773105,601.6698541912931,341.74847718065445,404.322142016549,2204.518345756898,1415.1274970579213,1424.754214724982,-79.4009390834719,43.78706874931231
151,Neighborhood 151,12646.602145503526,403,83,142,66,74,422,289,302,3186.626695165593,656.3027684832363,1122.8312424652959,521.8793098782361,585.137408045295,3336.864678312358,2285.1987962850035,2387.993205806474,-79.2704729414545,43.799225272610784
152,Neighborhood 152,10672.487856518437,399,81,153,90,78,414,300,246,3738.584717679512,758.9608073484723,1433.5926361026698,843.289785942747,730.8511478170474,3879.133015336636,2810.9659531424904,2304.992081576842,-79.59873324530199,43.630664247320965
153,Neighborhood 153,19350.926305415822,413,71,123,75,59,426,268,271,2134.2647555037815,366.90750034084385,635.6284865059689,387.57834543046886,304.89496507196884,2201.445002045063,1384.9466210048754,1400.4497548220943,-79.34285500487313,43.64810260105878
154,Neighborhood 154,20061.076722736587,411,91,133,90,60,498,280,277,2048.7434731466114,453.6147349302717,662.9753818211663,448.6299576233456,299.08663841556375,2482.419098849179,1395.7376459392974,1380.7833140185191,-79.25359009057284,43.75422878977842
155,Neighborhood 155,11460.571032562559,411,66,125,77,67,408,282,256,3586.2087397934943,575.8875348573495,1090.69608874498,671.8687906669077,584.6131035673093,3560.0320336636146,2460.610376208675,2233.745589749719,-79.51585209080949,43.693735390622166
156,Neighborhood 156,22605.565281140745,396,72,129,64,62,429,322,314,1751.7810108928036,318.5056383441461,570.6559353665951,283.1161229725743,274.2687441296814,1897.7627618005372,1424.4279937057645,1389.0384783341929,-79.25196531265975,43.68187319226563
157,Neighborhood 157,24741.136071734432,418,85,140,92,78,386,289,278,1689.4939617487698,343.5573845661374,565.8592216383439,371.8503456480546,315.2644234842202,1560.1547110885767,1168.095107524867,1123.6347401104258,-79.52868552887811,43.753471597936006
158,Neighborhood 158,27378.050614199423,429,84,130,77,105,454,313,272,1566.948670105469,306.81512421645544,474.8329303349906,281.2471971984175,383.5189052705693,1658.26269516989,1143.2515938065542,993.4965927009033,-79.25702459691092,43.67179346876219
